<?xml version="1.0" encoding="utf-8"?>
<eml:eml xmlns:eml="https://eml.ecoinformatics.org/eml-2.2.0" xmlns:xsi="http://www.w3.org/2001/XMLSchema-instance"
         xsi:schemaLocation="https://eml.ecoinformatics.org/eml-2.2.0 https://rs.gbif.org/schema/eml-gbif-profile/1.3/eml.xsd"
packageId="cc6132d7-c835-4f68-94ae-95452a761333"  system="http://gbif.org" scope="system"
xml:lang="en">
    <dataset>
        <title>GBIF Occurrence Download 0010177-250415084134356</title>
        <creator>
            <individualName>
                <surName>GBIF Download Service</surName>
            </individualName>
            <electronicMailAddress>support@gbif.org</electronicMailAddress>
        </creator>
        <metadataProvider>
            <individualName>
                <surName>GBIF Download Service</surName>
            </individualName>
            <electronicMailAddress>support@gbif.org</electronicMailAddress>
        </metadataProvider>
        <pubDate>
                2025-04-22
        </pubDate>
        <language>ENGLISH</language>
        <abstract>
            A dataset containing all occurrences available in GBIF matching the query:
{
  "and" : [
    "SpeciesKey is one of (Vincetoxicum rossicum (Kleopow) Barbar., Vincetoxicum rossicum (Kleopow) Barbar.)",
    "HasGeospatialIssue is false",
    "HasCoordinate is true",
    "OccurrenceStatus is Present",
    "Geometry POLYGON ((-79.74982 43.60349, -79.01649 43.60349, -79.01649 44.02069, -79.74982 44.02069, -79.74982 43.60349))"
  ]
}
The dataset includes records from the following constituent datasets. The full metadata for each constituent is also included in this archive:
17 records from Royal Ontario Museum Green Plant Herbarium (TRT)
2 records from Canadian Museum of Nature Herbarium
1025 records from iNaturalist Research-grade Observations

        </abstract>
        <contact>
            <individualName>
                <surName>GBIF Download Service</surName>
            </individualName>
            <electronicMailAddress>support@gbif.org</electronicMailAddress>
        </contact>

    </dataset>

    <additionalMetadata>
        <metadata>
            <gbif>
                <dateStamp>2025-04-22T18:17:24Z</dateStamp>
                <citation identifier="0010177-250415084134356">GBIF Occurrence Download 0010177-250415084134356</citation>
                <physical>
                    <objectName>Darwin Core Archive</objectName>
                    <characterEncoding>UTF-8</characterEncoding>
                    <dataFormat>
                        <externallyDefinedFormat>
                            <formatName>Darwin Core Archive</formatName>
                        </externallyDefinedFormat>
                    </dataFormat>
                    <distribution>
                        <online>
                            <url function="download">https://api.gbif.org/v1/occurrence/download/request/0010177-250415084134356.zip</url>
                        </online>
                    </distribution>
                </physical>
            </gbif>
        </metadata>
    </additionalMetadata>
    </eml:eml>
