<?xml version="1.0" encoding="utf-8"?>
<eml:eml xmlns:eml="https://eml.ecoinformatics.org/eml-2.2.0" xmlns:xsi="http://www.w3.org/2001/XMLSchema-instance"
         xsi:schemaLocation="https://eml.ecoinformatics.org/eml-2.2.0 https://rs.gbif.org/schema/eml-gbif-profile/1.3/eml.xsd"
packageId="d9522343-146c-4d6b-b312-543d4d8ca0e8"  system="http://gbif.org" scope="system"
xml:lang="en">
    <dataset>
        <alternateIdentifier>10.5886/g7j6gct1</alternateIdentifier>
        <alternateIdentifier>https://data.canadensys.net/ipt/resource?r=trt-specimens</alternateIdentifier>
        <alternateIdentifier>http://data.canadensys.net/ipt/resource?r=trt-specimens</alternateIdentifier>
        <alternateIdentifier>10.15468/xrft7m</alternateIdentifier>
        <alternateIdentifier>http://data.canadensys.net/ipt/resource.do?r=trt-specimens</alternateIdentifier>
        <alternateIdentifier>d9522343-146c-4d6b-b312-543d4d8ca0e8</alternateIdentifier>
        <alternateIdentifier>14338</alternateIdentifier>
        <title>Royal Ontario Museum Green Plant Herbarium (TRT)</title>
        <creator>
            <individualName>
                <givenName>Deborah</givenName>
                <surName>Metsger</surName>
            </individualName>
            <organizationName>Royal Ontario Museum</organizationName>
            <positionName>Assistant Curator</positionName>
            <address>
                <deliveryPoint>100 Queen&apos;s Park</deliveryPoint>
                <city>Toronto</city>
                <administrativeArea>ON</administrativeArea>
                <postalCode>M5S 2C6</postalCode>
                <country>CANADA</country>
            </address>
            <phone>416 586 5610</phone>
            <electronicMailAddress>debm@rom.on.ca</electronicMailAddress>
        </creator>
        <metadataProvider>
            <individualName>
                <givenName>Deborah</givenName>
                <surName>Metsger</surName>
            </individualName>
            <organizationName>Royal Ontario Museum</organizationName>
            <positionName>Assistant Curator</positionName>
            <address>
                <deliveryPoint>100 Queen&apos;s Park</deliveryPoint>
                <city>Toronto</city>
                <administrativeArea>ON</administrativeArea>
                <postalCode>M5S 2C6</postalCode>
                <country>CANADA</country>
            </address>
            <phone>416 586 5610</phone>
            <electronicMailAddress>debm@rom.on.ca</electronicMailAddress>
        </metadataProvider>
        <associatedParty>
            <individualName>
                <givenName>Tim</givenName>
                <surName>Dickinson</surName>
            </individualName>
            <organizationName>Royal Ontario Museum</organizationName>
            <positionName>Senior Curator Emeritus</positionName>
            <address>
                <deliveryPoint>100 Queen&apos;s Park</deliveryPoint>
                <city>Toronto</city>
                <administrativeArea>ON</administrativeArea>
                <postalCode>M5S 2C6</postalCode>
                <country>CANADA</country>
            </address>
            <phone>416 586 8032</phone>
            <electronicMailAddress>tim.dickinson@utoronto.ca</electronicMailAddress>
            <onlineUrl>http://www.rom.on.ca/collections/curators/dickinson.php</onlineUrl>
            <role>CUSTODIAN_STEWARD</role>
        </associatedParty>
        <associatedParty>
            <individualName>
                <givenName>Deborah</givenName>
                <surName>Metsger</surName>
            </individualName>
            <organizationName>Royal Ontario Museum</organizationName>
            <positionName>Assistant Curator</positionName>
            <address>
                <deliveryPoint>100 Queen&apos;s Park</deliveryPoint>
                <city>Toronto</city>
                <administrativeArea>ON</administrativeArea>
                <postalCode>M5S 2C6</postalCode>
                <country>CANADA</country>
            </address>
            <phone>416 586 5610</phone>
            <electronicMailAddress>debm@rom.on.ca</electronicMailAddress>
            <role>CURATOR</role>
        </associatedParty>
        <pubDate>
                2024-01-31
        </pubDate>
        <language>ENGLISH</language>
        <abstract>
            The Green Plant Herbarium holds in excess of 370,000 accessioned vascular plants. The collection, formerly at the University of Toronto, is now owned by the Royal Ontario Museum (ROM) Department of Natural History. The Green Plant Herbarium comprises the former Vascular Plant Herbarium (also TRT) and the bryological collections that were housed in the Cryptogamic Herbarium (TRTC), hence the change of name. TRT also houses the algae that were formerly held at TRTC. Important collections include those of H. V. Begley, C. D. Bird, H. H. Brown, T. J. W. Burgess, R. F. Cain, P. M. Catling, F. Cook, T. A. Dickinson, J.-P. Frahm, F. C. Fyre, S. Hattori, M. Heimburger, J. C. Krug, M. Landon, D. A. Leadbeater, J. Macoun, S. McKay-Kuja, J. K. Morton (personal herbarium, North American material), E. A. Moxley, J. B. Phipps, J. Riley, V. Schiffner, W. Scott, J. H. Soper, T. M. C. Taylor, J. Walker, W. Watson, A. White, J. White, and R. E. Whiting.
        </abstract>
        <keywordSet>
            <keyword>Royal Ontario Museum</keyword>
            <keyword>specimens</keyword>
            <keyword>collection</keyword>
            <keyword>North America</keyword>
            <keyword>ROM</keyword>
            <keyword>Canada</keyword>
            <keyword>herbarium</keyword>
            <keyword>green plants</keyword>
            <keyword>TRT</keyword>
            <keyword>Crataegus</keyword>
            <keyword>Green Plant Herbarium</keyword>
            <keyword>Canadensys</keyword>
            <keyword>Ontario</keyword>
            <keywordThesaurus>n/a</keywordThesaurus>
        </keywordSet>
        <keywordSet>
            <keyword>Occurrence</keyword>
            <keywordThesaurus>GBIF Dataset Type Vocabulary: http://rs.gbif.org/vocabulary/gbif/dataset_type.xml</keywordThesaurus>
        </keywordSet>
        <keywordSet>
            <keyword>Specimen</keyword>
            <keywordThesaurus>GBIF Dataset Subtype Vocabulary: http://rs.gbif.org/vocabulary/gbif/dataset_subtype.xml</keywordThesaurus>
        </keywordSet>
        <keywordSet>
            <keyword>Occurrence</keyword>
            <keywordThesaurus>GBIF Dataset Type Vocabulary: http://rs.gbif.org/vocabulary/gbif/dataset_type_2015-07-10.xml</keywordThesaurus>
        </keywordSet>
        <intellectualRights>
            <para>To the extent possible under law, the publisher has waived all rights to these data and has dedicated them to the <ulink url="http://creativecommons.org/publicdomain/zero/1.0/legalcode"><citetitle>Public Domain (CC0 1.0)</citetitle></ulink>. Users may copy, modify, distribute and use the work, including for commercial purposes, without restriction.</para>
        </intellectualRights>
        <licensed>
            <licenseName>Creative Commons Zero v1.0 Universal</licenseName>
            <url>https://spdx.org/licenses/CC0-1.0.html</url>
            <identifier>CC0-1.0</identifier>
        </licensed>
        <distribution scope="document">
            <online>
                <url function="information">http://www.eeb.utoronto.ca/eebresearch/facilities/ph-rom.htm</url>
            </online>
        </distribution>
        <distribution scope="document">
            <online>
                <url function="download">https://data.canadensys.net/ipt/archive.do?r=trt-specimens</url>
            </online>
        </distribution>
        <coverage>
            <geographicCoverage>
                <geographicDescription>The ROM Green Plant Herbarium houses plant specimens documenting the Ontario flora, and allied floras of North America and Eurasia. Specimens from other floras, including neotropical (Grenada, Guyana) provide broad taxonomic coverage. Images are collected that relate to the taxa and taxon associations (vegetation units) represented in the herbarium. The herbarium also holds Quaternary and archaeobotanical collections from Ontario, other provinces and territories, and adjacent states, with collections from Florida, Minnesota, and Grenada. These include stratified botanical fossils from studies of past vegetation, climate, hydrology, and limnology.</geographicDescription>
                <boundingCoordinates>
                    <westBoundingCoordinate>-180</westBoundingCoordinate>
                    <eastBoundingCoordinate>180</eastBoundingCoordinate>
                    <northBoundingCoordinate>90</northBoundingCoordinate>
                    <southBoundingCoordinate>-90</southBoundingCoordinate>
                </boundingCoordinates>
            </geographicCoverage>
            <taxonomicCoverage>
                <generalTaxonomicCoverage>This dataset comprises digitized specimen records of vascular plants and bryophytes, identified to species. Current emphasis is on woody plants of Ontario, and Crataegus of North America.</generalTaxonomicCoverage>
                <taxonomicClassification>
                    <taxonRankName>Kingdom</taxonRankName>
                    <taxonRankValue>Plantae</taxonRankValue>
                    <commonName>Plants</commonName>
                </taxonomicClassification>
                <taxonomicClassification>
                    <taxonRankName>Class</taxonRankName>
                    <taxonRankValue>Equisetopsida</taxonRankValue>
                    <commonName>Vascular plants</commonName>
                </taxonomicClassification>
                <taxonomicClassification>
                    <taxonRankName>Genus</taxonRankName>
                    <taxonRankValue>Crataegus</taxonRankValue>
                    <commonName>Hawthorn</commonName>
                </taxonomicClassification>
            </taxonomicCoverage>
        </coverage>
        <maintenance>
            <description>
                <para></para>
            </description>
            <maintenanceUpdateFrequency>asNeeded</maintenanceUpdateFrequency>
        </maintenance>
        <contact>
            <individualName>
                <givenName>Tim</givenName>
                <surName>Dickinson</surName>
            </individualName>
            <organizationName>Royal Ontario Museum</organizationName>
            <positionName>Senior Curator Emeritus</positionName>
            <address>
                <deliveryPoint>100 Queen&apos;s Park</deliveryPoint>
                <city>Toronto</city>
                <administrativeArea>ON</administrativeArea>
                <postalCode>M5S 2C6</postalCode>
                <country>CANADA</country>
            </address>
            <phone>416 586 8032</phone>
            <electronicMailAddress>tim.dickinson@utoronto.ca</electronicMailAddress>
            <onlineUrl>http://www.rom.on.ca/collections/curators/dickinson.php</onlineUrl>
        </contact>
        <contact>
            <individualName>
                <givenName>Deborah</givenName>
                <surName>Metsger</surName>
            </individualName>
            <organizationName>Royal Ontario Museum</organizationName>
            <positionName>Assistant Curator</positionName>
            <address>
                <deliveryPoint>100 Queen&apos;s Park</deliveryPoint>
                <city>Toronto</city>
                <administrativeArea>ON</administrativeArea>
                <postalCode>M5S 2C6</postalCode>
                <country>CANADA</country>
            </address>
            <phone>416 586 5610</phone>
            <electronicMailAddress>debm@rom.on.ca</electronicMailAddress>
        </contact>
        <methods>
            <methodStep>
                <description>
                    <para>Examine specimen and any attached/included labels. Verify and update determination if qualified.</para>
                </description>
            </methodStep>
            <methodStep>
                <description>
                    <para>Search specimen record in collection database and update where necessary, or create new record and populate fields with the information on the specimen and annotation labels. Use controlled vocabularies where relevant. New determinations are recorded under the local components of scientificName, and the earlier ones are concatenated under previousIdentifications.</para>
                </description>
            </methodStep>
            <methodStep>
                <description>
                    <para>Additional specimen data related to voucher status, publications and derived samples are included if available.</para>
                </description>
            </methodStep>
            <methodStep>
                <description>
                    <para>Prepare and attach the label generated from the completed database record to the physical specimen, if new, apply barcode label, take digital image, and then scan the barcode number into the image filename and (separately) into database record.</para>
                </description>
            </methodStep>
            <sampling>
                <studyExtent>
                    <description>
                        <para>Digitization of vascular plant and bryophyte specimens records from the Green Plant Herbarium of the Royal Ontario Museum (TRT), with a focus on plants of Ontario and Crataegus of North America.</para>
                    </description>
                </studyExtent>
                <samplingDescription>
                    <para>All data are manually digitized as text from specimen labels. Since 2011 specimen accessioning includes digital imaging, but these have not yet been deployed in data entry.</para>
                </samplingDescription>
            </sampling>
            <qualityControl>
                <description>
                    <para>Legacy data have been formatted to fit the new Darwin Core-compliant database structure and have been cleaned to the best of our abilities, but they may still contain inconsistencies. They are further corrected on an ad hoc basis as resources permit. New records are entered using controlled vocabularies where relevant and should contain fewer errors.</para>
                </description>
            </qualityControl>
        </methods>

    </dataset>

    <additionalMetadata>
        <metadata>
            <gbif>
                <dateStamp>2025-04-22T18:17:23Z</dateStamp>
                <citation identifier="doi:10.5886/g7j6gct1">Metsger D (2024). Royal Ontario Museum Green Plant Herbarium (TRT). Version 15.5. Royal Ontario Museum. Occurrence dataset https://doi.org/10.5886/g7j6gct1 accessed via GBIF.org on 2025-04-22.</citation>
                <physical>
                    <objectName>Old Canadensys explorer</objectName>
                    <characterEncoding>UTF-8</characterEncoding>
                    <dataFormat>
                        <externallyDefinedFormat>
                            <formatName>HTML</formatName>
                        </externallyDefinedFormat>
                    </dataFormat>
                    <distribution>
                        <online>
                            <url function="download">http://data.canadensys.net/explorer/en/resources/trt-specimens</url>
                        </online>
                    </distribution>
                </physical>
                <physical>
                    <objectName>GBIF data portal</objectName>
                    <characterEncoding>UTF-8</characterEncoding>
                    <dataFormat>
                        <externallyDefinedFormat>
                            <formatName>HTML</formatName>
                        </externallyDefinedFormat>
                    </dataFormat>
                    <distribution>
                        <online>
                            <url function="download">http://www.gbif.org/dataset/d9522343-146c-4d6b-b312-543d4d8ca0e8</url>
                        </online>
                    </distribution>
                </physical>
                <physical>
                    <objectName>Canadensys Explorer</objectName>
                    <characterEncoding>UTF-8</characterEncoding>
                    <dataFormat>
                        <externallyDefinedFormat>
                            <formatName>HTML</formatName>
                        </externallyDefinedFormat>
                    </dataFormat>
                    <distribution>
                        <online>
                            <url function="download">http://explorer.canadensys.net/occurrences/search?q=data_resource_uid:dr34#tab_mapView</url>
                        </online>
                    </distribution>
                </physical>
                <resourceLogoUrl>http://data.canadensys.net/ipt/logo.do?r=trt-specimens</resourceLogoUrl>
                <collection>
                    <parentCollectionIdentifier>TRT</parentCollectionIdentifier>
                    <collectionIdentifier>TRT</collectionIdentifier>
                    <collectionName>Green Plant Herbarium</collectionName>
                </collection>
                <formationPeriod>early 1800-present</formationPeriod>
                <specimenPreservationMethod>MOUNTED</specimenPreservationMethod>
            </gbif>
        </metadata>
    </additionalMetadata>
    </eml:eml>
